City_ID,City,Lat,Lng,Max Temp,Humidity,Cloudiness,Wind Speed,Country,Date
0,nikolayevsk-on-amure,-37.0676,-12.3116,60.19,91,100,15.12,SH,1702525746
1,nikolayevsk-on-amure,-49.35,70.2167,41.05,84,75,43.73,TF,1702525745
2,nikolayevsk-on-amure,63.7506,-68.5145,8.33,72,75,5.75,CA,1702525724
3,nikolayevsk-on-amure,64.0049,-22.5624,39.63,81,75,48.34,IS,1702525754
4,nikolayevsk-on-amure,45.7625,106.2708,-3.12,90,100,14.99,MN,1702525985
5,nikolayevsk-on-amure,57.79,-152.4072,18.91,73,100,17.27,US,1702525758
6,nikolayevsk-on-amure,-43.9535,-176.5597,53.82,76,76,17.0,NZ,1702525743
7,nikolayevsk-on-amure,-33.918,25.5701,63.32,92,20,17.27,ZA,1702525760
8,nikolayevsk-on-amure,-46.5619,169.4708,56.71,57,99,9.71,NZ,1702525758
9,nikolayevsk-on-amure,-25.0319,46.9987,78.87,94,40,16.11,MG,1702525760
10,nikolayevsk-on-amure,-25.066,-130.1015,74.26,86,92,9.62,PN,1702525747
11,nikolayevsk-on-amure,19.7297,-155.09,76.73,81,75,9.22,US,1702525693
12,nikolayevsk-on-amure,-54.2811,-36.5092,37.96,95,91,3.11,GS,1702525750
13,nikolayevsk-on-amure,-7.5119,-39.7242,73.18,61,17,5.06,BR,1702525995
14,nikolayevsk-on-amure,70.9221,-8.7187,34.95,97,100,36.73,SJ,1702525774
15,nikolayevsk-on-amure,54.868,-1.6985,34.29,93,20,6.91,GB,1702525751
16,nikolayevsk-on-amure,53.9166,-122.753,35.04,89,100,8.05,CA,1702525920
17,nikolayevsk-on-amure,-0.7393,-90.3518,75.24,90,71,7.61,EC,1702525758
18,nikolayevsk-on-amure,-19.6833,63.4167,82.49,69,20,13.8,MU,1702525765
19,nikolayevsk-on-amure,-54.8,-68.3,42.46,75,20,6.91,AR,1702525761
20,nikolayevsk-on-amure,32.6268,65.8733,50.81,19,100,2.48,AF,1702526003
21,nikolayevsk-on-amure,64.8,-147.5333,3.07,85,75,6.91,US,1702525776
22,nikolayevsk-on-amure,69.2167,-51.1,17.62,67,100,14.97,GL,1702525763
23,nikolayevsk-on-amure,5.6667,73.0,83.66,75,80,17.56,MV,1702525804
24,nikolayevsk-on-amure,68.0546,166.4372,-12.84,99,86,5.7,RU,1702525745
25,nikolayevsk-on-amure,-18.5278,32.1284,64.76,92,99,3.22,ZW,1702526009
26,nikolayevsk-on-amure,-46.4,168.35,58.19,56,84,5.7,NZ,1702525767
27,nikolayevsk-on-amure,32.3604,-97.6756,53.91,50,100,8.05,US,1702526011
28,nikolayevsk-on-amure,6.4965,2.6036,74.46,55,1,3.51,BJ,1702526013
29,nikolayevsk-on-amure,54.7682,-101.865,28.22,76,43,9.01,CA,1702526014
30,nikolayevsk-on-amure,21.9789,-159.3672,76.24,76,100,19.57,US,1702525722
31,nikolayevsk-on-amure,9.4236,-84.1652,79.29,75,7,4.21,CR,1702526016
32,nikolayevsk-on-amure,-6.1333,24.4833,66.54,93,100,1.61,CD,1702526017
33,nikolayevsk-on-amure,10.6333,-8.6833,65.53,23,0,4.54,GN,1702526019
34,nikolayevsk-on-amure,11.5,-3.5167,65.19,23,0,5.7,BF,1702526020
35,nikolayevsk-on-amure,-34.7333,135.8667,69.8,51,0,15.5,AU,1702525746
36,nikolayevsk-on-amure,23.7833,86.7167,69.89,35,46,4.16,IN,1702526023
37,nikolayevsk-on-amure,22.0669,-159.378,75.63,81,100,19.57,US,1702525760
38,nikolayevsk-on-amure,66.3128,14.1428,-5.33,84,100,0.0,NO,1702526025
39,nikolayevsk-on-amure,-43.0167,147.3167,70.74,59,81,3.0,AU,1702525757
40,nikolayevsk-on-amure,36.1352,2.9109,42.78,90,91,7.45,DZ,1702526027
41,nikolayevsk-on-amure,30.9224,-84.0091,53.67,50,75,5.01,US,1702526029
42,nikolayevsk-on-amure,78.2186,15.6401,31.84,74,75,4.61,SJ,1702525754
43,nikolayevsk-on-amure,51.1,114.53,-5.1,71,38,15.7,RU,1702526031
44,nikolayevsk-on-amure,40.4673,-87.6684,29.64,37,0,3.09,US,1702526033
45,nikolayevsk-on-amure,-25.4,-70.4833,61.97,85,25,2.37,CL,1702525799
46,nikolayevsk-on-amure,-51.7236,-72.4875,38.62,78,70,4.81,CL,1702525749
47,nikolayevsk-on-amure,55.7833,109.55,-10.37,77,28,2.95,RU,1702526036
48,nikolayevsk-on-amure,17.9257,19.1043,59.2,38,0,14.7,TD,1702525782
49,nikolayevsk-on-amure,64.8569,-147.8028,3.15,83,75,6.91,US,1702525751
50,nikolayevsk-on-amure,68.7098,-52.8699,15.53,71,100,11.34,GL,1702525752
51,nikolayevsk-on-amure,38.5167,-28.7,58.77,73,96,7.0,PT,1702525761
52,nikolayevsk-on-amure,19.5933,-154.9731,76.51,83,75,9.22,US,1702525747
53,nikolayevsk-on-amure,50.9333,6.95,46.96,92,75,4.61,DE,1702525782
54,nikolayevsk-on-amure,52.6971,1.6918,40.98,94,98,7.87,GB,1702526045
55,nikolayevsk-on-amure,7.9803,49.8164,76.51,75,49,13.31,SO,1702526046
56,nikolayevsk-on-amure,-34.5322,20.0403,60.93,61,100,6.78,ZA,1702525751
57,nikolayevsk-on-amure,-30.1106,153.2007,80.47,67,74,16.04,AU,1702526048
58,nikolayevsk-on-amure,-12.1568,96.8225,84.18,70,40,10.36,CC,1702525763
59,nikolayevsk-on-amure,-43.5333,172.6333,65.53,63,75,13.8,NZ,1702525925
60,nikolayevsk-on-amure,64.75,177.4833,10.9,72,0,15.66,RU,1702525750
61,nikolayevsk-on-amure,34.8262,126.1086,53.71,92,100,18.88,KR,1702526053
62,nikolayevsk-on-amure,42.2506,-75.833,31.57,81,100,8.05,US,1702526054
63,nikolayevsk-on-amure,61.4681,128.9203,-13.59,93,100,6.49,RU,1702525769
64,nikolayevsk-on-amure,66.0755,-23.124,37.15,85,97,9.22,IS,1702525746
65,nikolayevsk-on-amure,-28.8667,153.5667,95.77,52,28,18.86,AU,1702526058
66,nikolayevsk-on-amure,66.4167,112.4,-13.56,83,100,8.86,RU,1702525607
67,nikolayevsk-on-amure,-9.7024,33.2697,64.4,92,41,2.93,MW,1702526061
68,nikolayevsk-on-amure,28.5392,-80.672,72.09,69,0,16.11,US,1702526062
69,nikolayevsk-on-amure,53.0452,158.6483,23.59,46,75,26.84,RU,1702525746
70,nikolayevsk-on-amure,44.0572,17.4508,47.43,91,100,6.82,BA,1702526065
71,nikolayevsk-on-amure,-37.6167,-73.65,52.03,85,0,18.16,CL,1702525784
72,nikolayevsk-on-amure,23.0385,116.2899,75.34,70,99,8.08,CN,1702526068
73,nikolayevsk-on-amure,-10.0681,-78.1522,69.49,86,31,9.28,PE,1702526069
74,nikolayevsk-on-amure,62.7161,129.6658,-31.13,100,98,1.95,RU,1702525774
75,nikolayevsk-on-amure,15.1355,145.701,88.5,62,0,21.85,MP,1702525753
76,nikolayevsk-on-amure,-33.0153,27.9116,59.94,94,0,4.61,ZA,1702525510
77,nikolayevsk-on-amure,5.5577,95.3222,83.93,72,100,11.83,ID,1702525875
78,nikolayevsk-on-amure,69.4058,86.1778,-11.33,94,100,18.01,RU,1702525756
79,nikolayevsk-on-amure,15.2667,-83.7667,76.66,88,45,6.44,HN,1702526076
80,nikolayevsk-on-amure,-16.7333,-151.4333,81.05,83,68,17.9,PF,1702525756
81,nikolayevsk-on-amure,-2.8856,-40.12,80.06,77,14,17.76,BR,1702525756
82,nikolayevsk-on-amure,-7.5061,-63.0208,75.9,93,61,1.36,BR,1702525748
83,nikolayevsk-on-amure,-6.495,-43.7022,80.46,47,50,3.53,BR,1702525858
84,nikolayevsk-on-amure,37.2495,-83.1932,38.89,64,14,2.08,US,1702525788
85,nikolayevsk-on-amure,33.994,-96.3708,48.56,61,0,3.44,US,1702526084
86,nikolayevsk-on-amure,8.7058,171.2275,81.48,83,97,24.18,MH,1702525774
87,nikolayevsk-on-amure,9.5221,45.5336,63.95,58,68,9.19,SO,1702526086
88,nikolayevsk-on-amure,-8.5,117.4333,87.53,67,75,5.88,ID,1702526088
89,nikolayevsk-on-amure,41.3712,-73.414,34.75,58,0,5.75,US,1702525753
90,nikolayevsk-on-amure,10.1483,-85.452,77.09,79,0,10.18,CR,1702525787
91,nikolayevsk-on-amure,39.8333,97.7333,5.45,86,100,6.62,CN,1702525811
92,nikolayevsk-on-amure,1.3038,124.9112,71.69,75,47,1.92,ID,1702525877
93,nikolayevsk-on-amure,62.456,-114.3525,34.41,67,0,19.57,CA,1702525746
94,nikolayevsk-on-amure,53.9606,105.8817,-21.95,88,32,1.01,RU,1702526096
95,nikolayevsk-on-amure,-26.9566,24.7284,70.21,68,58,25.05,ZA,1702526097
96,nikolayevsk-on-amure,42.8,93.45,13.68,53,100,3.98,CN,1702525858
97,nikolayevsk-on-amure,34.0372,-118.6359,64.47,79,40,3.44,US,1702526099
98,nikolayevsk-on-amure,4.9167,-52.2667,75.24,100,0,0.0,GF,1702525784
99,nikolayevsk-on-amure,-53.15,-70.9167,44.71,65,0,11.5,CL,1702525749
100,nikolayevsk-on-amure,35.6489,117.2758,36.37,94,100,8.99,CN,1702526103
101,nikolayevsk-on-amure,67.4667,78.7,-2.6,95,100,8.32,RU,1702525779
102,nikolayevsk-on-amure,25.5198,90.2201,68.99,44,0,1.14,IN,1702525755
103,nikolayevsk-on-amure,52.2704,-9.7026,51.64,90,98,13.47,IE,1702525769
104,nikolayevsk-on-amure,32.6578,-114.4119,60.28,35,0,4.61,US,1702526107
105,nikolayevsk-on-amure,45.41,79.9186,1.65,74,0,3.13,KZ,1702525792
106,nikolayevsk-on-amure,11.3474,162.3373,81.84,80,92,21.85,MH,1702525775
107,nikolayevsk-on-amure,52.9463,-66.9114,1.31,78,75,6.91,CA,1702525917
108,nikolayevsk-on-amure,29.0667,-110.9667,67.01,49,0,3.4,MX,1702526054
109,nikolayevsk-on-amure,2.7603,46.3222,80.62,78,65,11.92,SO,1702525931
110,nikolayevsk-on-amure,-17.6167,177.4667,85.86,54,40,16.11,FJ,1702525921
111,nikolayevsk-on-amure,-22.9661,-42.0278,73.49,90,14,11.99,BR,1702525761
112,nikolayevsk-on-amure,52.0411,9.0028,40.08,96,100,1.99,DE,1702526117
113,nikolayevsk-on-amure,49.2833,10.7833,41.18,93,100,5.75,DE,1702526118
114,nikolayevsk-on-amure,26.5,-100.1667,63.63,94,100,9.62,MX,1702525776
115,nikolayevsk-on-amure,42.4694,-93.816,37.76,30,0,3.44,US,1702526120
116,nikolayevsk-on-amure,32.2217,70.3793,61.84,29,100,2.71,PK,1702526122
117,nikolayevsk-on-amure,13.9833,-14.8,72.68,19,28,8.86,SN,1702526123
118,nikolayevsk-on-amure,70.0744,29.7487,15.96,73,20,16.11,NO,1702525753
119,nikolayevsk-on-amure,44.7561,136.2939,14.09,31,3,10.04,RU,1702525871
120,nikolayevsk-on-amure,-8.6199,122.2111,86.14,63,68,2.53,ID,1702525773
121,nikolayevsk-on-amure,-33.5906,26.891,66.87,86,37,3.58,ZA,1702525751
122,nikolayevsk-on-amure,40.0222,52.9552,33.44,36,100,13.78,TM,1702526130
123,nikolayevsk-on-amure,35.6127,-77.3663,37.13,96,0,0.0,US,1702525578
124,nikolayevsk-on-amure,51.0333,-4.2167,44.62,90,100,8.55,GB,1702525914
125,nikolayevsk-on-amure,41.7057,-70.2286,37.96,58,0,25.99,US,1702526133
126,nikolayevsk-on-amure,45.5234,-122.6762,50.05,72,100,11.99,US,1702525527
127,nikolayevsk-on-amure,-21.2078,-159.775,77.05,94,100,11.5,CK,1702525748
128,nikolayevsk-on-amure,54.6,-7.3,46.54,87,86,10.63,GB,1702526138
129,nikolayevsk-on-amure,63.4106,48.6872,9.66,94,100,7.43,RU,1702526139
130,nikolayevsk-on-amure,38.7333,-27.0667,57.45,77,20,11.3,PT,1702525878
131,nikolayevsk-on-amure,35.0725,-108.8506,34.43,66,92,5.03,US,1702526142
132,nikolayevsk-on-amure,29.85,80.5333,60.19,23,7,2.82,IN,1702526143
133,nikolayevsk-on-amure,30.3484,-5.8365,54.79,33,1,3.51,MA,1702526144
134,nikolayevsk-on-amure,-9.2978,14.9116,67.84,99,100,1.34,AO,1702526145
135,nikolayevsk-on-amure,69.9689,23.2717,11.46,67,9,18.41,NO,1702526147
136,nikolayevsk-on-amure,-2.95,25.95,68.22,99,100,0.98,CD,1702526148
137,nikolayevsk-on-amure,20.2167,-87.4667,73.49,94,30,7.56,MX,1702526149
138,nikolayevsk-on-amure,57.0531,-135.33,42.69,65,100,18.41,US,1702525746
139,nikolayevsk-on-amure,48.55,51.7833,18.25,41,100,17.72,KZ,1702526151
140,nikolayevsk-on-amure,64.571,30.5767,11.03,96,100,5.99,RU,1702526153
141,nikolayevsk-on-amure,-42.6128,-73.8092,51.01,95,100,2.98,CL,1702525598
142,nikolayevsk-on-amure,46.6328,142.7813,12.04,71,94,17.36,RU,1702526156
143,nikolayevsk-on-amure,51.3813,1.3862,41.7,88,99,3.0,GB,1702525783
144,nikolayevsk-on-amure,2.4803,96.3801,82.92,76,92,2.15,ID,1702525755
145,nikolayevsk-on-amure,-32.035,-52.0986,69.94,95,89,3.13,BR,1702525752
146,nikolayevsk-on-amure,5.1552,-52.6478,75.25,89,97,7.29,GF,1702525813
147,nikolayevsk-on-amure,5.2618,-0.759,78.8,69,0,3.65,GH,1702526164
148,nikolayevsk-on-amure,13.1287,45.3807,75.09,73,21,3.22,YE,1702526165
149,nikolayevsk-on-amure,-34.4187,19.2345,61.2,65,100,3.33,ZA,1702525748
150,nikolayevsk-on-amure,17.997,-76.7936,79.75,76,20,5.75,JM,1702525768
151,nikolayevsk-on-amure,20.7,-105.2,78.22,73,100,2.3,MX,1702525736
152,nikolayevsk-on-amure,47.6777,-116.7805,30.52,98,0,11.5,US,1702526127
153,nikolayevsk-on-amure,15.1333,-23.2167,74.19,70,98,12.44,CV,1702525799
154,nikolayevsk-on-amure,39.1834,-84.5333,34.93,66,0,1.01,US,1702525592
155,nikolayevsk-on-amure,6.7085,121.9711,89.65,64,94,11.68,PH,1702526173
156,nikolayevsk-on-amure,-3.4067,29.1458,71.82,91,99,1.01,CD,1702525944
157,nikolayevsk-on-amure,32.7627,21.7551,55.15,53,38,8.43,LY,1702526176
158,nikolayevsk-on-amure,-23.7,133.8833,98.15,20,0,13.8,AU,1702525649
159,nikolayevsk-on-amure,29.9833,75.3833,62.28,24,49,4.21,IN,1702526178
160,nikolayevsk-on-amure,22.8909,-109.9124,75.76,78,89,6.33,MX,1702525828
161,nikolayevsk-on-amure,29.1081,21.2869,59.04,56,0,9.8,LY,1702526181
162,nikolayevsk-on-amure,-33.95,115.0667,71.89,41,1,14.32,AU,1702525759
163,nikolayevsk-on-amure,40.0931,-83.018,32.11,71,0,3.44,US,1702526183
164,nikolayevsk-on-amure,55.7435,-97.8558,28.56,74,40,9.22,CA,1702525649
165,nikolayevsk-on-amure,44.1833,28.65,45.7,93,100,12.44,RO,1702525767
166,nikolayevsk-on-amure,47.9,-4.2833,44.89,87,0,4.61,FR,1702526187
167,nikolayevsk-on-amure,46.5564,39.6386,33.69,94,100,13.09,RU,1702526188
168,nikolayevsk-on-amure,13.2658,144.6691,88.36,82,98,19.15,GU,1702525769
169,nikolayevsk-on-amure,71.6872,128.8694,-2.83,100,100,4.61,RU,1702525747
170,nikolayevsk-on-amure,-2.5744,150.7967,83.64,75,81,5.32,PG,1702526191
171,nikolayevsk-on-amure,16.0678,108.2208,85.98,62,40,4.61,VN,1702526193
172,nikolayevsk-on-amure,35.8786,119.9753,42.82,93,100,10.22,CN,1702526195
173,nikolayevsk-on-amure,36.6084,-83.7166,39.2,100,0,0.0,US,1702526196
174,nikolayevsk-on-amure,-14.9003,50.2788,80.51,68,69,4.23,MG,1702526197
175,nikolayevsk-on-amure,63.2842,118.3319,-8.12,95,100,10.33,RU,1702525916
176,nikolayevsk-on-amure,18.7,-103.6583,78.01,55,100,3.36,MX,1702525767
177,nikolayevsk-on-amure,14.8667,-24.7167,70.63,65,98,7.0,CV,1702525764
178,nikolayevsk-on-amure,-18.1416,178.4415,85.48,62,75,8.05,FJ,1702526202
179,nikolayevsk-on-amure,34.1209,-93.0538,52.77,61,0,3.44,US,1702526203
180,nikolayevsk-on-amure,44.2519,-85.4012,21.11,79,0,0.0,US,1702526204
181,nikolayevsk-on-amure,4.375,-7.7169,78.69,83,0,4.23,LR,1702526206
182,nikolayevsk-on-amure,48.4001,-89.3168,22.98,79,75,2.3,CA,1702525856
183,nikolayevsk-on-amure,28.95,89.6333,22.05,21,0,2.06,CN,1702526208
184,nikolayevsk-on-amure,-32.5,137.7667,82.47,41,21,13.76,AU,1702525877
185,nikolayevsk-on-amure,-25.0978,30.4597,58.26,89,37,0.51,ZA,1702526210
186,nikolayevsk-on-amure,52.3805,32.1923,28.33,96,100,15.77,RU,1702526211
187,nikolayevsk-on-amure,34.1667,77.5833,16.74,54,1,1.77,IN,1702525744
188,nikolayevsk-on-amure,56.3161,116.0806,-22.56,94,50,1.88,RU,1702525785
189,nikolayevsk-on-amure,-9.0763,143.2092,90.9,57,95,3.74,PG,1702525873
190,nikolayevsk-on-amure,-23.065,-54.1906,76.86,82,100,6.13,BR,1702526216
191,nikolayevsk-on-amure,-8.8978,-35.1478,76.71,76,12,4.81,BR,1702525898
192,nikolayevsk-on-amure,27.9167,96.1667,69.31,57,17,3.36,IN,1702526218
193,nikolayevsk-on-amure,-37.8333,140.7667,63.97,69,100,11.5,AU,1702525480
194,nikolayevsk-on-amure,27.7167,81.9333,64.18,42,0,3.29,IN,1702526221
195,nikolayevsk-on-amure,-6.1219,141.2906,86.45,67,88,3.11,PG,1702526223
196,nikolayevsk-on-amure,67.4667,86.5833,-14.91,97,99,11.74,RU,1702525749
197,nikolayevsk-on-amure,60.1545,-1.1494,42.8,94,100,34.96,GB,1702525785
198,nikolayevsk-on-amure,47.8288,59.6258,9.07,37,46,22.57,KZ,1702526227
199,nikolayevsk-on-amure,22.1667,111.7833,74.82,81,100,1.95,CN,1702526228
200,nikolayevsk-on-amure,40.6103,115.0447,23.92,82,94,6.2,CN,1702526230
201,nikolayevsk-on-amure,67.6713,53.087,6.51,96,98,6.85,RU,1702525768
202,nikolayevsk-on-amure,-8.5421,-172.5159,81.54,81,100,9.37,TK,1702525751
203,nikolayevsk-on-amure,47.7332,-53.2148,38.43,87,100,17.92,CA,1702525791
204,nikolayevsk-on-amure,40.5982,-124.1573,51.66,95,100,1.01,US,1702525772
205,nikolayevsk-on-amure,37.5439,129.1069,45.86,91,100,4.7,KR,1702526235
206,nikolayevsk-on-amure,-12.7406,-60.1458,74.5,78,92,1.52,BR,1702526236
207,nikolayevsk-on-amure,64.5667,143.2,-16.15,98,100,5.01,RU,1702525756
208,nikolayevsk-on-amure,62.3432,5.8487,40.1,80,100,12.01,NO,1702525766
209,nikolayevsk-on-amure,-5.6667,132.75,83.73,77,94,12.71,ID,1702525790
210,nikolayevsk-on-amure,5.4112,100.3354,84.94,92,20,10.36,MY,1702525755
211,nikolayevsk-on-amure,62.7269,29.0159,21.09,96,100,7.72,FI,1702526242
212,nikolayevsk-on-amure,-41.0,145.7167,60.6,88,71,14.0,AU,1702525613
213,nikolayevsk-on-amure,-0.619,100.12,82.45,71,48,5.86,ID,1702526245
214,nikolayevsk-on-amure,60.7167,-46.0333,-3.77,81,16,7.56,GL,1702525784
215,nikolayevsk-on-amure,56.2499,-120.8529,37.29,48,40,18.41,CA,1702525764
216,nikolayevsk-on-amure,21.4612,-71.1419,79.07,72,100,25.21,TC,1702525761
217,nikolayevsk-on-amure,5.2767,115.2417,88.16,74,20,2.3,MY,1702526249
218,nikolayevsk-on-amure,24.9647,10.1728,59.52,28,1,6.24,LY,1702526250
219,nikolayevsk-on-amure,42.6001,-73.9662,30.36,76,41,3.0,US,1702525677
220,nikolayevsk-on-amure,56.801,59.9303,-3.48,85,100,2.91,RU,1702525780
221,nikolayevsk-on-amure,13.6017,26.6876,54.46,46,48,13.67,SD,1702526254
222,nikolayevsk-on-amure,34.5439,105.6897,34.81,59,100,14.09,CN,1702526255
223,nikolayevsk-on-amure,47.0667,51.8667,14.0,37,75,22.37,KZ,1702526256
224,nikolayevsk-on-amure,-34.5667,146.4,87.89,26,0,17.49,AU,1702526257
225,nikolayevsk-on-amure,65.7461,-19.6394,35.28,91,80,8.63,IS,1702526258
226,nikolayevsk-on-amure,6.9248,158.1611,88.54,66,40,6.91,FM,1702525887
227,nikolayevsk-on-amure,-22.8167,47.8333,78.89,79,44,7.74,MG,1702525761
228,nikolayevsk-on-amure,35.4202,51.7926,49.26,64,100,1.61,IR,1702526263
229,nikolayevsk-on-amure,-15.1961,12.1522,72.25,67,100,9.37,AO,1702525901
230,nikolayevsk-on-amure,60.3725,93.0408,-15.95,95,100,6.06,RU,1702525877
231,nikolayevsk-on-amure,-31.8976,26.8753,57.36,80,56,3.69,ZA,1702525888
232,nikolayevsk-on-amure,32.7941,-79.8626,51.01,71,0,5.75,US,1702526041
233,nikolayevsk-on-amure,17.2706,-100.8939,80.46,60,100,2.37,MX,1702525789
234,nikolayevsk-on-amure,59.5833,151.2833,9.59,73,100,16.13,RU,1702525546
235,nikolayevsk-on-amure,19.9333,-105.25,74.25,58,100,2.13,MX,1702525909
236,nikolayevsk-on-amure,-8.112,115.0882,85.28,72,79,3.69,ID,1702526021
237,nikolayevsk-on-amure,37.4747,57.329,42.75,75,100,2.3,IR,1702525913
238,nikolayevsk-on-amure,47.5649,-52.7093,37.98,90,100,11.5,CA,1702525762
239,nikolayevsk-on-amure,52.6481,1.7265,40.98,80,99,8.23,GB,1702526275
240,nikolayevsk-on-amure,51.3607,1.0257,41.97,93,93,5.01,GB,1702526277
241,nikolayevsk-on-amure,62.0961,77.475,5.97,96,100,7.7,RU,1702526278
242,nikolayevsk-on-amure,25.4167,-102.1833,54.81,71,100,14.23,MX,1702526279
243,nikolayevsk-on-amure,18.25,-70.2,75.47,80,77,18.61,DO,1702526280
244,nikolayevsk-on-amure,-1.195,-46.02,79.72,78,8,8.61,BR,1702525920
245,nikolayevsk-on-amure,31.128,-92.0662,57.25,64,100,7.92,US,1702526283
246,nikolayevsk-on-amure,62.0989,126.6992,-12.01,96,100,7.07,RU,1702525905
247,nikolayevsk-on-amure,6.964,158.206,89.6,66,40,6.91,FM,1702525755
248,nikolayevsk-on-amure,-23.1333,150.7333,89.38,59,20,13.04,AU,1702526287
249,nikolayevsk-on-amure,25.3628,49.725,57.74,50,0,14.47,SA,1702526288
250,nikolayevsk-on-amure,34.37,73.4711,56.91,25,6,3.22,PK,1702526289
251,nikolayevsk-on-amure,56.8619,35.8931,15.3,94,100,10.0,RU,1702525995
252,nikolayevsk-on-amure,64.5401,40.5433,14.13,92,100,8.95,RU,1702526292
253,nikolayevsk-on-amure,-20.7333,139.5,101.97,29,40,13.8,AU,1702525811
254,nikolayevsk-on-amure,-33.0117,17.9442,59.05,74,95,16.35,ZA,1702525783
255,nikolayevsk-on-amure,49.9168,-74.3659,10.02,85,100,8.05,CA,1702525788
256,nikolayevsk-on-amure,10.1664,40.6453,75.13,62,74,11.86,ET,1702526296
257,nikolayevsk-on-amure,35.389,5.3658,52.07,67,100,13.35,DZ,1702526297
258,nikolayevsk-on-amure,48.5872,57.1869,10.08,38,100,19.1,KZ,1702526299
259,nikolayevsk-on-amure,49.4169,-82.4331,8.69,92,100,8.05,CA,1702525754
260,nikolayevsk-on-amure,-27.6333,-62.4167,89.85,44,93,14.18,AR,1702526301
261,nikolayevsk-on-amure,-0.1934,-74.7819,73.8,98,88,0.87,CO,1702526302
262,nikolayevsk-on-amure,-35.7317,174.3239,70.74,50,5,9.69,NZ,1702526304
263,nikolayevsk-on-amure,38.08,46.2919,35.06,100,75,0.0,IR,1702526305
264,nikolayevsk-on-amure,20.9219,-156.3051,75.22,72,20,14.97,US,1702525759
265,nikolayevsk-on-amure,67.6803,53.1512,6.4,96,98,6.89,RU,1702525744
266,nikolayevsk-on-amure,48.4329,-123.4859,47.37,80,100,12.66,CA,1702526308
267,nikolayevsk-on-amure,4.8845,-1.7554,78.69,73,0,4.41,GH,1702526309
268,nikolayevsk-on-amure,63.9331,-20.9971,38.05,91,97,31.36,IS,1702525792
269,nikolayevsk-on-amure,-42.7826,147.0587,71.92,84,90,12.26,AU,1702525752
270,nikolayevsk-on-amure,10.2753,170.8646,81.23,84,100,24.2,MH,1702525788
271,nikolayevsk-on-amure,-15.8631,-38.8828,74.77,80,91,3.04,BR,1702525947
272,nikolayevsk-on-amure,-38.2667,141.9667,63.79,76,100,16.82,AU,1702525744
273,nikolayevsk-on-amure,-2.6741,141.3028,83.48,84,91,7.85,PG,1702525753
274,nikolayevsk-on-amure,-35.3333,-72.4167,55.17,73,28,13.15,CL,1702526317
275,nikolayevsk-on-amure,29.82,-5.72,54.43,32,0,2.24,MA,1702525852
276,nikolayevsk-on-amure,59.0556,80.8572,-3.03,99,95,5.99,RU,1702525896
277,nikolayevsk-on-amure,59.3997,27.7547,19.76,96,76,6.31,EE,1702526321
278,nikolayevsk-on-amure,28.3667,129.4833,74.32,68,46,9.91,JP,1702525862
279,nikolayevsk-on-amure,36.1569,37.7078,48.63,64,2,7.38,SY,1702526323
280,nikolayevsk-on-amure,-12.1356,44.4317,81.66,74,98,4.45,KM,1702525910
281,nikolayevsk-on-amure,-30.3167,149.7833,99.52,30,34,4.0,AU,1702526326
282,nikolayevsk-on-amure,19.9,86.1167,73.8,50,100,6.73,IN,1702526327
283,nikolayevsk-on-amure,-47.7503,-65.8938,55.9,63,88,19.93,AR,1702526328
284,nikolayevsk-on-amure,63.7119,66.6722,5.0,94,100,10.0,RU,1702526329
285,nikolayevsk-on-amure,69.4865,88.3972,-11.99,99,100,11.05,RU,1702525766
286,nikolayevsk-on-amure,34.1628,113.4639,31.98,93,100,11.88,CN,1702526331
287,nikolayevsk-on-amure,31.6546,-106.3033,59.49,63,0,13.0,US,1702526324
288,nikolayevsk-on-amure,-21.1333,-175.2,82.74,74,75,13.8,TO,1702525921
289,nikolayevsk-on-amure,-25.3,45.4833,80.62,76,51,5.21,MG,1702525786
290,nikolayevsk-on-amure,24.6719,102.1613,59.52,85,99,4.05,CN,1702526336
291,nikolayevsk-on-amure,31.4638,-100.437,49.53,87,97,8.01,US,1702526337
292,nikolayevsk-on-amure,-5.1989,-35.4608,78.15,71,0,13.06,BR,1702525781
293,nikolayevsk-on-amure,-24.8667,113.6333,88.09,39,0,16.51,AU,1702525788
294,nikolayevsk-on-amure,-6.8367,-79.9342,71.89,83,0,16.11,PE,1702526340
295,nikolayevsk-on-amure,-41.516,173.9528,64.53,64,77,5.01,NZ,1702526341
296,nikolayevsk-on-amure,-5.1206,-60.3797,75.06,97,68,2.06,BR,1702525904
297,nikolayevsk-on-amure,-34.1831,22.146,62.53,80,100,12.21,ZA,1702525747
298,nikolayevsk-on-amure,-15.2119,-75.1103,60.49,85,24,8.57,PE,1702525768
299,nikolayevsk-on-amure,31.2333,130.65,70.27,67,27,12.82,JP,1702525937
300,nikolayevsk-on-amure,56.2501,-117.286,43.11,56,75,19.57,CA,1702525938
301,nikolayevsk-on-amure,52.2667,79.1667,-4.67,70,98,8.23,RU,1702525779
302,nikolayevsk-on-amure,-45.8742,170.5036,56.8,66,87,5.99,NZ,1702525678
303,nikolayevsk-on-amure,54.3161,-130.3201,44.29,74,75,27.63,CA,1702526351
304,nikolayevsk-on-amure,16.1525,36.2032,66.31,65,7,15.05,SD,1702526352
305,nikolayevsk-on-amure,11.2278,169.8474,81.03,84,96,23.11,MH,1702526353
306,nikolayevsk-on-amure,67.5,64.0,2.01,97,99,7.61,RU,1702525853
307,nikolayevsk-on-amure,-0.9,-89.6,75.07,89,76,9.6,EC,1702526356
308,nikolayevsk-on-amure,-1.4014,5.6325,79.86,82,18,8.72,GQ,1702525770
309,nikolayevsk-on-amure,19.6228,-155.9522,76.84,86,0,8.05,US,1702525798
310,nikolayevsk-on-amure,27.1467,57.0801,70.95,60,47,4.41,IR,1702526359
311,nikolayevsk-on-amure,-21.3667,55.6167,82.47,76,8,3.02,RE,1702525767
312,nikolayevsk-on-amure,-4.3878,-59.5939,77.68,86,47,0.87,BR,1702526361
313,nikolayevsk-on-amure,26.9147,70.9181,67.59,17,7,4.38,IN,1702526362
314,nikolayevsk-on-amure,46.8267,-100.8896,35.37,83,0,12.66,US,1702526364
315,nikolayevsk-on-amure,34.4611,45.8626,48.34,95,17,0.81,IR,1702526365
316,nikolayevsk-on-amure,60.7161,-135.0538,25.57,79,75,12.66,CA,1702526366
317,nikolayevsk-on-amure,32.0303,120.8747,66.0,50,10,4.47,CN,1702526367
318,nikolayevsk-on-amure,-38.6533,178.0042,65.77,64,0,8.43,NZ,1702526369
319,nikolayevsk-on-amure,-41.8697,-73.8203,49.77,87,68,6.29,CL,1702526370
320,nikolayevsk-on-amure,-35.35,150.4667,91.76,27,2,13.8,AU,1702525772
321,nikolayevsk-on-amure,-17.75,-149.2833,78.67,85,90,17.81,PF,1702526372
322,nikolayevsk-on-amure,11.9661,50.7569,76.1,72,96,4.45,SO,1702526374
323,nikolayevsk-on-amure,65.9939,57.5281,8.08,95,100,15.99,RU,1702526376
324,nikolayevsk-on-amure,37.6775,-113.0619,29.39,76,0,0.0,US,1702526213
325,nikolayevsk-on-amure,42.097,-79.2353,33.39,77,100,6.91,US,1702526378
326,nikolayevsk-on-amure,44.1683,132.2072,8.53,58,81,8.32,RU,1702526380
327,nikolayevsk-on-amure,-17.3411,-39.2208,74.3,83,39,5.7,BR,1702526381
328,nikolayevsk-on-amure,-20.7511,-51.6783,80.04,44,28,5.99,BR,1702526382
329,nikolayevsk-on-amure,37.7167,-25.4333,57.61,70,100,13.29,PT,1702525786
330,nikolayevsk-on-amure,-22.7469,-41.8817,75.25,92,5,8.52,BR,1702526384
331,nikolayevsk-on-amure,-17.7338,168.3219,83.8,51,75,12.66,VU,1702526386
332,nikolayevsk-on-amure,69.2551,33.3362,-0.11,100,89,9.08,RU,1702526387
333,nikolayevsk-on-amure,12.65,54.0333,76.8,74,68,9.24,YE,1702526388
334,nikolayevsk-on-amure,65.5333,72.5167,5.56,96,100,8.37,RU,1702525808
335,nikolayevsk-on-amure,51.9561,85.955,-7.49,85,100,0.22,RU,1702526390
336,nikolayevsk-on-amure,-8.9906,-78.6456,67.66,88,24,7.23,PE,1702525795
337,nikolayevsk-on-amure,59.5667,150.8,8.19,79,100,13.65,RU,1702526392
338,nikolayevsk-on-amure,28.017,-97.5169,66.06,86,100,18.32,US,1702525809
339,nikolayevsk-on-amure,37.3138,-121.0208,50.29,60,69,2.01,US,1702526395
340,nikolayevsk-on-amure,-20.2111,-50.9258,80.92,49,8,8.25,BR,1702526396
341,nikolayevsk-on-amure,39.0062,-77.4286,39.22,59,0,0.0,US,1702526397
342,nikolayevsk-on-amure,-20.1,146.2667,80.42,65,100,19.13,AU,1702526398
343,nikolayevsk-on-amure,23.9769,121.6044,79.47,68,39,7.07,TW,1702526399
344,nikolayevsk-on-amure,35.2442,129.2139,49.73,87,100,9.8,KR,1702526400
345,nikolayevsk-on-amure,66.0217,12.6316,1.92,74,38,19.75,NO,1702526409
346,nikolayevsk-on-amure,58.1086,57.8053,-2.87,85,97,3.83,RU,1702526412
347,nikolayevsk-on-amure,41.8334,-70.8328,35.65,62,4,8.1,US,1702526413
348,nikolayevsk-on-amure,48.0056,91.6419,-2.74,73,7,0.4,MN,1702526415
349,nikolayevsk-on-amure,21.9667,71.5667,74.01,34,17,9.53,IN,1702526417
350,nikolayevsk-on-amure,8.2833,-82.8667,81.09,72,36,1.01,PA,1702526290
351,nikolayevsk-on-amure,63.1667,17.2667,-2.34,100,88,2.93,SE,1702526419
352,nikolayevsk-on-amure,-15.7667,128.7333,94.98,52,100,1.14,AU,1702526423
353,nikolayevsk-on-amure,52.4167,41.4311,13.62,94,97,11.14,RU,1702526425
354,nikolayevsk-on-amure,32.834,-109.7076,52.75,33,0,3.0,US,1702526318
355,nikolayevsk-on-amure,27.05,76.9333,65.5,40,28,2.46,IN,1702526428
356,nikolayevsk-on-amure,2.5729,-72.6459,77.36,80,93,2.17,CO,1702526431
357,nikolayevsk-on-amure,55.4624,29.9816,32.49,99,100,6.24,BY,1702526432
358,nikolayevsk-on-amure,56.1325,93.3589,-17.37,89,100,4.47,RU,1702526434
359,nikolayevsk-on-amure,-19.0092,-57.6533,80.69,62,4,1.36,BR,1702526260
360,nikolayevsk-on-amure,-9.3852,-171.2468,79.27,88,100,10.38,TK,1702526437
361,nikolayevsk-on-amure,55.1001,-105.2842,37.65,44,100,6.91,CA,1702525892
362,nikolayevsk-on-amure,-17.8,-63.1667,81.86,78,100,6.91,BO,1702525817
363,nikolayevsk-on-amure,-38.1833,144.4667,77.86,57,75,24.16,AU,1702526443
364,nikolayevsk-on-amure,-38.0023,-57.5575,60.94,83,0,9.22,AR,1702526445
365,nikolayevsk-on-amure,56.5042,66.5515,-4.14,83,72,9.22,RU,1702526446
366,nikolayevsk-on-amure,31.1667,97.2333,22.59,40,35,5.68,CN,1702526448
367,nikolayevsk-on-amure,17.0187,8.0168,61.23,25,0,10.92,NE,1702526449
368,nikolayevsk-on-amure,-30.7414,30.455,66.6,89,9,3.98,ZA,1702526450
369,nikolayevsk-on-amure,-9.1667,-60.6333,76.41,87,87,1.63,BR,1702526451
370,nikolayevsk-on-amure,-8.7597,-35.1047,73.58,81,3,2.39,BR,1702526453
371,nikolayevsk-on-amure,-0.6,73.0833,83.35,73,53,9.26,MV,1702526454
372,nikolayevsk-on-amure,20.931,-17.0347,69.78,40,0,8.05,MR,1702526455
373,nikolayevsk-on-amure,-20.3297,-40.2925,75.15,88,75,3.44,BR,1702526450
374,nikolayevsk-on-amure,-19.1164,33.4833,69.85,94,95,2.35,MZ,1702526457
375,nikolayevsk-on-amure,12.2645,125.4048,81.25,85,60,13.27,PH,1702526459
376,nikolayevsk-on-amure,-23.8928,-55.4311,75.11,76,19,9.37,BR,1702526460
377,nikolayevsk-on-amure,22.0752,-159.319,72.1,76,100,5.01,US,1702526430
378,nikolayevsk-on-amure,67.5833,63.95,2.44,96,100,9.01,RU,1702526462
379,nikolayevsk-on-amure,-22.6342,-54.8222,75.11,80,100,5.79,BR,1702526464
380,nikolayevsk-on-amure,-31.4333,152.9167,91.65,30,64,8.1,AU,1702526465
381,nikolayevsk-on-amure,58.8693,9.4149,7.61,93,13,3.76,NO,1702526467
382,nikolayevsk-on-amure,-22.2833,166.5833,84.18,65,32,14.97,NC,1702526409
383,nikolayevsk-on-amure,1.3673,173.1241,80.56,89,100,10.36,KI,1702526469
384,nikolayevsk-on-amure,-27.5833,153.3,95.34,57,46,5.01,AU,1702526374
385,nikolayevsk-on-amure,-11.0483,-45.1931,77.95,48,74,3.49,BR,1702526472
386,nikolayevsk-on-amure,50.9664,-1.3283,38.44,93,86,4.61,GB,1702526474
387,nikolayevsk-on-amure,40.5865,-122.3917,53.62,65,0,1.01,US,1702526201
388,nikolayevsk-on-amure,-6.4667,16.8167,70.75,100,100,0.72,CD,1702526476
389,nikolayevsk-on-amure,69.1989,33.4478,1.85,100,86,9.37,RU,1702526478
390,nikolayevsk-on-amure,57.8799,34.1068,17.22,94,100,8.95,RU,1702526481
391,nikolayevsk-on-amure,-35.2268,173.9474,72.91,68,9,3.0,NZ,1702526483
392,nikolayevsk-on-amure,58.1831,94.7592,-10.08,96,100,6.62,RU,1702526484
393,nikolayevsk-on-amure,16.8634,-99.8901,79.83,67,100,3.15,MX,1702526486
394,nikolayevsk-on-amure,-2.5333,140.7,88.99,76,96,8.79,ID,1702525890
395,nikolayevsk-on-amure,56.7268,-111.381,45.99,36,75,8.05,CA,1702526321
396,nikolayevsk-on-amure,-23.9631,-46.3919,77.27,26,57,2.48,BR,1702526464
397,nikolayevsk-on-amure,2.076,11.5007,65.75,90,28,0.56,GA,1702526491
398,nikolayevsk-on-amure,20.6667,-88.5667,69.44,99,21,3.02,MX,1702526493
399,nikolayevsk-on-amure,44.963,-92.9649,36.0,56,0,4.61,US,1702526494
400,nikolayevsk-on-amure,36.175,-115.1372,57.69,32,0,11.01,US,1702526419
401,nikolayevsk-on-amure,66.9395,-53.6735,11.95,95,100,6.15,GL,1702526496
402,nikolayevsk-on-amure,25.5384,-80.4089,73.42,92,100,17.27,US,1702526320
403,nikolayevsk-on-amure,-7.0,23.45,65.5,97,100,2.06,CD,1702526499
404,nikolayevsk-on-amure,47.35,142.8,10.72,68,98,14.83,RU,1702526501
405,nikolayevsk-on-amure,21.6477,-157.9253,75.16,78,74,24.32,US,1702526502
406,nikolayevsk-on-amure,31.3974,-102.3501,52.34,90,100,22.15,US,1702526503
407,nikolayevsk-on-amure,35.2799,62.3438,45.46,43,100,1.16,TM,1702526505
408,nikolayevsk-on-amure,33.7333,135.9833,58.84,64,67,2.01,JP,1702526506
409,nikolayevsk-on-amure,-29.9533,-71.3436,58.73,94,75,5.75,CL,1702526508
410,nikolayevsk-on-amure,37.5481,-77.4467,35.58,74,0,4.61,US,1702526471
411,nikolayevsk-on-amure,-13.7,-76.2167,68.05,88,0,12.66,PE,1702526225
412,nikolayevsk-on-amure,-15.0506,35.2035,75.04,78,99,1.14,MW,1702526512
413,nikolayevsk-on-amure,50.2503,58.4347,-0.8,80,75,13.49,KZ,1702526513
414,nikolayevsk-on-amure,36.6177,-121.9166,52.66,83,100,3.0,US,1702526515
415,nikolayevsk-on-amure,39.8167,98.3,7.75,77,100,5.73,CN,1702526517
416,nikolayevsk-on-amure,-14.2336,-169.5144,79.97,86,85,15.7,AS,1702526518
417,nikolayevsk-on-amure,-2.4683,28.8242,60.73,95,99,0.29,CD,1702526519
418,nikolayevsk-on-amure,63.4453,120.3167,-4.85,96,100,9.15,RU,1702526521
419,nikolayevsk-on-amure,40.9642,129.3278,32.29,75,100,3.47,KP,1702526522
420,nikolayevsk-on-amure,53.3875,48.6777,11.98,87,100,11.16,RU,1702526523
421,nikolayevsk-on-amure,8.6267,-13.215,73.56,94,20,3.44,SL,1702526529
422,nikolayevsk-on-amure,62.0511,-7.1939,45.43,87,100,13.8,FO,1702526530
423,nikolayevsk-on-amure,10.4396,45.0143,76.33,76,54,1.5,SO,1702526531
424,nikolayevsk-on-amure,38.421,-121.4238,52.32,82,0,0.0,US,1702526533
425,nikolayevsk-on-amure,10.7667,79.8333,79.7,71,22,16.71,IN,1702526534
426,nikolayevsk-on-amure,40.4723,50.333,41.14,74,100,19.06,AZ,1702526535
427,nikolayevsk-on-amure,12.5458,125.1147,82.15,80,47,12.8,PH,1702526537
428,nikolayevsk-on-amure,12.5847,-81.7006,80.62,83,40,16.11,CO,1702526538
429,nikolayevsk-on-amure,49.3814,35.4402,28.65,93,100,14.41,UA,1702526539
430,nikolayevsk-on-amure,-4.0167,103.2667,85.8,52,80,2.04,ID,1702526541
431,nikolayevsk-on-amure,18.0761,99.8326,88.2,58,43,0.22,TH,1702526542
432,nikolayevsk-on-amure,44.0306,145.8556,27.37,69,100,28.83,RU,1702526543
433,nikolayevsk-on-amure,-11.0925,-77.6267,68.63,87,15,10.27,PE,1702526544
434,nikolayevsk-on-amure,-13.9652,28.6809,64.24,99,100,2.89,ZM,1702526546
435,nikolayevsk-on-amure,17.9583,-102.2,79.63,55,97,3.98,MX,1702526547
436,nikolayevsk-on-amure,58.3019,-134.4197,37.4,95,100,13.8,US,1702526347
437,nikolayevsk-on-amure,36.7186,15.0907,61.25,80,85,13.29,IT,1702526549
438,nikolayevsk-on-amure,-35.2793,138.4604,73.44,73,85,12.53,AU,1702526551
439,nikolayevsk-on-amure,65.2653,-14.3948,42.71,75,0,12.66,IS,1702526552
440,nikolayevsk-on-amure,-13.3433,-44.6367,71.62,43,3,3.69,BR,1702526553
441,nikolayevsk-on-amure,17.5747,120.3869,86.94,86,9,4.0,PH,1702526554
442,nikolayevsk-on-amure,-34.6833,150.8667,99.37,35,31,4.05,AU,1702526556
443,nikolayevsk-on-amure,44.2911,-105.5022,27.95,88,0,11.01,US,1702526557
444,nikolayevsk-on-amure,62.2266,-6.589,45.52,81,54,29.48,FO,1702526558
445,nikolayevsk-on-amure,-12.497,131.047,93.97,77,99,10.92,AU,1702526560
446,nikolayevsk-on-amure,-6.9811,-34.8339,75.87,73,3,10.42,BR,1702526561
447,nikolayevsk-on-amure,16.4986,-15.8153,71.73,20,19,11.07,SN,1702526562
448,nikolayevsk-on-amure,50.5667,123.7167,-2.97,62,2,3.96,CN,1702526563
449,nikolayevsk-on-amure,34.3659,107.359,36.05,90,100,5.41,CN,1702526565
450,nikolayevsk-on-amure,-25.2131,-50.9778,64.27,82,100,1.05,BR,1702526566
451,nikolayevsk-on-amure,1.1983,-70.1733,73.65,98,88,1.57,CO,1702526567
452,nikolayevsk-on-amure,-0.0921,11.9385,72.25,94,78,1.68,GA,1702526568
453,nikolayevsk-on-amure,-22.6833,14.5333,61.99,79,82,1.01,NA,1702526569
454,nikolayevsk-on-amure,29.5,38.75,52.63,82,0,6.04,SA,1702526570
455,nikolayevsk-on-amure,-21.3585,55.7679,82.11,77,7,3.71,RE,1702526572
456,nikolayevsk-on-amure,-8.145,159.5921,82.45,80,98,3.76,SB,1702526573
457,nikolayevsk-on-amure,-23.865,35.3833,80.58,94,40,5.01,MZ,1702526574
458,nikolayevsk-on-amure,62.7833,148.1667,-8.41,96,100,5.75,RU,1702526575
459,nikolayevsk-on-amure,-51.6226,-69.2181,50.05,43,0,4.61,AR,1702526577
460,nikolayevsk-on-amure,48.2156,18.6071,37.33,96,100,3.13,SK,1702526578
461,nikolayevsk-on-amure,52.2,107.6167,-23.71,81,99,6.64,RU,1702526580
462,nikolayevsk-on-amure,10.5669,72.642,84.2,69,58,8.75,IN,1702526581
463,nikolayevsk-on-amure,41.4958,22.385,40.73,93,13,6.91,MK,1702526583
464,nikolayevsk-on-amure,27.3125,105.2942,69.39,44,0,21.99,CN,1702526584
465,nikolayevsk-on-amure,46.9737,-124.1563,49.01,85,100,5.75,US,1702526586
466,nikolayevsk-on-amure,-3.3542,-64.7114,76.66,86,81,0.92,BR,1702526577
467,nikolayevsk-on-amure,28.8947,64.4101,59.32,38,97,5.82,PK,1702526589
468,nikolayevsk-on-amure,-34.6187,137.8972,70.47,60,60,13.09,AU,1702526590
469,nikolayevsk-on-amure,5.3248,163.0078,82.85,78,100,12.37,FM,1702526591
470,nikolayevsk-on-amure,22.5892,88.3103,69.8,64,5,3.44,IN,1702526593
471,nikolayevsk-on-amure,16.3244,-86.5366,76.28,88,75,5.75,HN,1702526594
472,nikolayevsk-on-amure,-17.8,177.4167,86.0,48,75,16.11,FJ,1702526595
473,nikolayevsk-on-amure,30.2335,-92.0668,57.22,42,0,6.91,US,1702526596
474,nikolayevsk-on-amure,23.3687,104.28,67.32,70,70,12.77,CN,1702526598
475,nikolayevsk-on-amure,-3.7227,-38.5247,85.06,68,75,13.8,BR,1702526401
476,nikolayevsk-on-amure,63.7553,121.6247,-5.01,97,100,5.99,RU,1702526600
477,nikolayevsk-on-amure,5.8833,-55.0833,80.02,88,100,8.55,SR,1702526602
478,nikolayevsk-on-amure,-18.0667,44.0167,82.98,66,100,4.14,MG,1702526603
479,nikolayevsk-on-amure,-17.8919,-39.3719,74.64,79,27,6.62,BR,1702526604
480,nikolayevsk-on-amure,43.8617,41.7194,37.17,91,99,1.54,RU,1702526605
481,nikolayevsk-on-amure,-50.3408,-72.2768,45.72,60,5,9.57,AR,1702526606
482,nikolayevsk-on-amure,40.8898,-74.1949,36.84,51,0,9.22,US,1702526608
483,nikolayevsk-on-amure,3.7833,72.9667,81.46,80,85,12.28,MV,1702526609
484,nikolayevsk-on-amure,26.8,82.2,65.26,31,0,5.79,IN,1702526610
485,nikolayevsk-on-amure,11.65,7.2333,55.8,37,43,11.68,NG,1702526611
486,nikolayevsk-on-amure,0.5333,72.9333,82.58,73,37,6.11,MV,1702526613
487,nikolayevsk-on-amure,-36.8833,174.9167,69.69,64,75,19.57,NZ,1702526614
488,nikolayevsk-on-amure,-23.5333,148.1667,91.35,36,0,8.52,AU,1702526615
489,nikolayevsk-on-amure,40.2039,140.0242,38.23,59,59,13.6,JP,1702526616
490,nikolayevsk-on-amure,48.9451,79.255,-12.86,90,22,0.96,KZ,1702526618
491,nikolayevsk-on-amure,35.7333,140.8333,61.29,52,57,5.75,JP,1702526620
492,nikolayevsk-on-amure,43.1041,-9.2179,48.9,70,40,11.05,ES,1702526621
493,nikolayevsk-on-amure,-42.4667,171.2,60.31,65,61,7.05,NZ,1702526623
494,nikolayevsk-on-amure,60.7333,77.5889,5.97,93,100,7.0,RU,1702526624
495,nikolayevsk-on-amure,15.8369,-97.0419,81.12,69,40,4.61,MX,1702526625
496,nikolayevsk-on-amure,12.6667,108.05,84.58,52,66,9.51,VN,1702526626
497,nikolayevsk-on-amure,36.4182,54.9763,43.88,68,100,0.6,IR,1702526627
498,nikolayevsk-on-amure,17.9,-71.2333,75.24,82,86,16.64,DO,1702526629
499,nikolayevsk-on-amure,52.9306,158.4028,25.07,71,60,30.49,RU,1702526630
500,nikolayevsk-on-amure,47.4999,-52.9981,36.91,91,100,17.9,CA,1702526631
501,nikolayevsk-on-amure,65.8596,24.8228,10.17,85,20,4.61,FI,1702526632
502,nikolayevsk-on-amure,69.4005,32.4476,-2.24,99,60,6.24,RU,1702526633
503,nikolayevsk-on-amure,49.2833,120.7333,-18.76,94,87,2.93,CN,1702526635
504,nikolayevsk-on-amure,31.8913,-85.1455,48.24,63,0,3.44,US,1702526408
505,nikolayevsk-on-amure,63.1792,14.6357,7.25,92,100,0.0,SE,1702526637
506,nikolayevsk-on-amure,-28.7667,114.6,84.61,45,0,14.97,AU,1702526638
507,nikolayevsk-on-amure,20.5,-99.0,52.72,91,100,5.03,MX,1702526639
508,nikolayevsk-on-amure,31.4229,-103.4932,58.24,82,100,19.57,US,1702526480
509,nikolayevsk-on-amure,7.4515,151.8468,87.75,74,75,13.8,FM,1702526642
510,nikolayevsk-on-amure,-26.3833,153.15,93.34,66,11,20.02,AU,1702526643
511,nikolayevsk-on-amure,-14.7833,24.8,64.62,97,100,4.41,ZM,1702526644
512,nikolayevsk-on-amure,-25.3,152.9,78.58,66,25,13.87,AU,1702526562
513,nikolayevsk-on-amure,66.0,111.5,-14.8,98,100,5.64,RU,1702526646
514,nikolayevsk-on-amure,7.1694,125.8931,89.58,62,25,1.43,PH,1702526648
515,nikolayevsk-on-amure,61.5996,5.0328,41.97,87,100,23.02,NO,1702526649
516,nikolayevsk-on-amure,31.5,92.0,6.06,72,78,1.97,CN,1702526650
517,nikolayevsk-on-amure,28.2833,74.3167,65.12,24,23,6.78,IN,1702526652
518,nikolayevsk-on-amure,9.6612,-68.5827,77.72,78,97,2.55,VE,1702526653
519,nikolayevsk-on-amure,55.7522,37.6156,11.01,94,100,10.4,RU,1702526391
520,nikolayevsk-on-amure,-8.2833,113.3667,86.29,64,72,7.45,ID,1702526655
521,nikolayevsk-on-amure,57.7851,36.6965,14.4,93,100,12.12,RU,1702526657
522,nikolayevsk-on-amure,-21.0833,149.1833,80.65,68,98,10.36,AU,1702526658
523,nikolayevsk-on-amure,12.7794,45.0367,76.5,71,25,3.6,YE,1702526660
524,nikolayevsk-on-amure,50.2581,-119.2691,39.56,79,100,6.91,CA,1702526509
525,nikolayevsk-on-amure,-31.95,141.4333,87.12,27,0,13.31,AU,1702526662
526,nikolayevsk-on-amure,6.461,-71.73,74.59,84,25,5.55,CO,1702526663
527,nikolayevsk-on-amure,36.0307,-75.676,51.98,70,0,6.91,US,1702526640
528,nikolayevsk-on-amure,55.3714,64.4656,-9.17,79,99,8.16,RU,1702526665
529,nikolayevsk-on-amure,13.2114,12.0241,59.59,36,4,9.98,NE,1702526667
530,nikolayevsk-on-amure,48.9708,28.8378,41.9,98,100,13.0,UA,1702526668
531,nikolayevsk-on-amure,51.2833,114.9167,-6.0,72,13,11.07,RU,1702526669
532,nikolayevsk-on-amure,11.7,92.7167,86.09,74,40,8.05,IN,1702526670
533,nikolayevsk-on-amure,-3.3333,128.9167,88.75,59,94,3.24,ID,1702526672
534,nikolayevsk-on-amure,27.9769,-114.0611,63.07,75,0,9.86,MX,1702526469
535,nikolayevsk-on-amure,65.6835,-18.0878,37.33,87,100,5.75,IS,1702526674
536,nikolayevsk-on-amure,53.3168,-60.3315,16.11,73,75,5.75,CA,1702526409
537,nikolayevsk-on-amure,-10.4217,105.6791,83.88,69,40,8.05,CX,1702526678
538,nikolayevsk-on-amure,10.6678,-63.2585,76.64,89,6,7.49,VE,1702526679
539,nikolayevsk-on-amure,60.1496,15.1878,17.4,99,41,2.73,SE,1702526681
540,nikolayevsk-on-amure,-17.0,145.4333,74.44,95,100,11.92,AU,1702526682
541,nikolayevsk-on-amure,45.1667,10.7833,45.05,92,79,3.0,IT,1702526683
542,nikolayevsk-on-amure,-6.4006,-48.555,74.88,90,45,0.76,BR,1702526685
543,nikolayevsk-on-amure,57.509,72.4042,-4.7,86,94,7.2,RU,1702526686
544,nikolayevsk-on-amure,26.5881,127.9761,77.85,63,0,6.64,JP,1702526687
545,nikolayevsk-on-amure,10.1657,166.0102,81.23,82,87,22.66,MH,1702526688
546,nikolayevsk-on-amure,-2.0226,147.2712,86.2,69,66,7.99,PG,1702526691
547,nikolayevsk-on-amure,33.6668,-95.5836,48.11,53,0,10.36,US,1702526692
548,nikolayevsk-on-amure,37.1753,-113.2899,45.01,59,0,9.71,US,1702526693
549,nikolayevsk-on-amure,25.1283,121.7419,84.09,73,0,7.09,TW,1702526513
550,nikolayevsk-on-amure,50.9832,-118.2023,30.22,80,100,4.61,CA,1702526695
551,nikolayevsk-on-amure,-33.1837,-66.3127,70.09,75,0,2.89,AR,1702526696
552,nikolayevsk-on-amure,29.2639,0.231,48.58,40,0,4.61,DZ,1702526697
553,nikolayevsk-on-amure,35.0806,109.0897,30.7,96,100,4.74,CN,1702526699
554,nikolayevsk-on-amure,-21.9833,16.9167,68.72,36,100,2.57,NA,1702526700
555,nikolayevsk-on-amure,59.3833,143.3,-11.15,88,99,27.67,RU,1702526701
556,nikolayevsk-on-amure,-32.1667,152.5167,94.37,37,65,13.62,AU,1702526702
557,nikolayevsk-on-amure,32.0728,64.8359,54.45,22,100,5.32,AF,1702526704
558,nikolayevsk-on-amure,10.9333,108.1,87.51,56,94,10.49,VN,1702526705
559,nikolayevsk-on-amure,52.7368,15.2288,35.94,97,100,6.93,PL,1702526707
560,nikolayevsk-on-amure,58.0607,37.1203,13.51,94,100,12.41,RU,1702526708
561,nikolayevsk-on-amure,-3.6,26.6667,67.95,97,100,0.51,CD,1702526710
562,nikolayevsk-on-amure,-34.1667,-53.8333,67.75,95,13,2.28,UY,1702526711
563,nikolayevsk-on-amure,22.6783,-3.9836,63.5,19,40,7.87,ML,1702526712
564,nikolayevsk-on-amure,19.6406,-155.9956,80.56,87,40,18.41,US,1702526714
565,nikolayevsk-on-amure,-12.1688,26.3894,62.53,99,100,0.49,ZM,1702526502
566,nikolayevsk-on-amure,36.8294,28.7708,46.2,93,0,6.91,TR,1702526716
567,nikolayevsk-on-amure,41.5388,-8.6151,47.84,87,9,4.23,PT,1702526717
568,nikolayevsk-on-amure,48.8334,-64.4819,17.51,57,20,13.8,CA,1702526719
569,nikolayevsk-on-amure,9.1333,4.8333,68.43,27,5,2.75,NG,1702526720
570,nikolayevsk-on-amure,-2.6333,140.5833,88.61,58,20,12.66,ID,1702526721
571,nikolayevsk-on-amure,44.3869,19.1014,47.05,86,100,3.09,BA,1702526722
572,nikolayevsk-on-amure,49.2413,-124.8028,44.44,95,100,1.92,CA,1702526725
573,nikolayevsk-on-amure,55.4132,-1.7056,36.88,81,100,6.91,GB,1702526727
574,nikolayevsk-on-amure,16.6614,-9.6149,65.08,23,80,9.62,MR,1702526728
575,nikolayevsk-on-amure,54.5163,-128.6035,35.51,100,100,2.3,CA,1702526729
576,nikolayevsk-on-amure,38.5333,-28.6333,58.01,72,95,8.01,PT,1702526731
577,nikolayevsk-on-amure,43.9667,116.0333,2.35,90,100,16.42,CN,1702526732
578,nikolayevsk-on-amure,34.0556,-117.1825,60.48,37,0,1.99,US,1702526733
579,nikolayevsk-on-amure,37.8357,65.2106,44.31,54,93,5.48,TM,1702526734
580,nikolayevsk-on-amure,49.2167,143.1167,7.54,71,87,16.24,RU,1702526736
581,nikolayevsk-on-amure,17.9583,-102.2,79.63,55,97,3.98,MX,1702526737
582,nikolayevsk-on-amure,53.75,127.2667,-8.52,66,1,10.16,RU,1702526738
583,nikolayevsk-on-amure,53.1406,140.73,-6.84,75,22,19.75,RU,1702526739
